name,unit,category,supplier
Aal FRISCH (anguilla),kg,NotDefined,NotDefined
Abate,kg,NotDefined,NotDefined
Absinth,l,NotDefined,NotDefined
Absinth,l,NotDefined,NotDefined
Absinth,ml,NotDefined,NotDefined
Acquavit Line,ml,NotDefined,NotDefined
Ahornsirup,ml,NotDefined,NotDefined
Ahornsirup,l,NotDefined,NotDefined
Akazienhonig,g,NotDefined,NotDefined
Akazienhonig,kg,NotDefined,NotDefined
Alkermes,ml,NotDefined,NotDefined
Alpestre,ml,NotDefined,NotDefined
Amaranth,kg,NotDefined,NotDefined
Amaranth,g,NotDefined,NotDefined
Amarenakirschen,kg,NotDefined,NotDefined
Amaretto di Saronno,ml,NotDefined,NotDefined
Amaretto di Saronno,l,NotDefined,NotDefined
Ananas FRISCH,kg,NotDefined,NotDefined
Ananassaft 100%,l,NotDefined,NotDefined
Ananassaft 100%,l,NotDefined,NotDefined
Ananasscheiben,kg,NotDefined,NotDefined
Ananasscheiben,kg,NotDefined,NotDefined
Anejo,ml,NotDefined,NotDefined
Anejo,ml,NotDefined,NotDefined
Angostura,ml,NotDefined,NotDefined
Anis GANZ,g,NotDefined,NotDefined
Aperol,ml,NotDefined,NotDefined
Aperol,l,NotDefined,NotDefined
Apfelessig,ml,NotDefined,NotDefined
Apfelessig,ml,NotDefined,NotDefined
Apfelessig,l,NotDefined,NotDefined
Apfellikör,ml,NotDefined,NotDefined
Apfelsaft,l,NotDefined,NotDefined
Apfelsaft,l,NotDefined,NotDefined
Apfelsaft,ml,NotDefined,NotDefined
Apfelschnaps,ml,NotDefined,NotDefined
Aprikosen FRISCH,kg,NotDefined,NotDefined
Aprikosen GETROCKNET,g,NotDefined,NotDefined
Aprikosenkompott,kg,NotDefined,NotDefined
Aprikosenmark,l,NotDefined,NotDefined
Aprikosenmarmelade,kg,NotDefined,NotDefined
Aprikosenmarmelade,kg,NotDefined,NotDefined
Aprikosenmarmelade,kg,NotDefined,NotDefined
Aprikosenmarmelade,kg,NotDefined,NotDefined
Aprikosenmarmelade,g,NotDefined,NotDefined
Armagnac,ml,NotDefined,NotDefined
Arneis Roero,ml,NotDefined,NotDefined
Aroma VANILLE,g,NotDefined,NotDefined
Aroma ZITRONE,g,NotDefined,NotDefined
Aroma ZITRONE,kg,NotDefined,NotDefined
Artischocken FRISCH,Stück,NotDefined,NotDefined
Artischocken GEFROREN,kg,NotDefined,NotDefined
Artischocken in Öl,g,NotDefined,NotDefined
Artischocken in Öl,kg,NotDefined,NotDefined
Artischocken NATUR,kg,NotDefined,NotDefined
Artischocken NATUR,g,NotDefined,NotDefined
Artischockenböden GEFROREN,kg,NotDefined,NotDefined
Asbach Uralt,ml,NotDefined,NotDefined
Ascorbinsäure,g,NotDefined,NotDefined
Ascorbinsäure,kg,NotDefined,NotDefined
Aula Pökelsalz KONZENTRIERT,kg,NotDefined,NotDefined
Aurum,ml,NotDefined,NotDefined
Austern (Ostrice),Stück,NotDefined,NotDefined
Austernpilze,kg,NotDefined,NotDefined
Austernpilze,kg,NotDefined,NotDefined
Averna,ml,NotDefined,NotDefined
Avocados,Stück,NotDefined,NotDefined
Babyananas,Stück,NotDefined,NotDefined
Babykarotten,kg,NotDefined,NotDefined
Bacardi GOLD,ml,NotDefined,NotDefined
Bacardi WEIß,ml,NotDefined,NotDefined
Backerbsen,kg,NotDefined,NotDefined
Backpulver,kg,NotDefined,NotDefined
Backpulver,g,NotDefined,NotDefined
Backtrennfett,ml,NotDefined,NotDefined
Backtrennfett,kg,NotDefined,NotDefined
Backtrennpapier 57x200,Stück,NotDefined,NotDefined
Baguette FRISCH,Stück,NotDefined,NotDefined
Baguette GEFROREN,Stück,NotDefined,NotDefined
Baileys,ml,NotDefined,NotDefined
Balsamessig,ml,NotDefined,NotDefined
Balsamessig,ml,NotDefined,NotDefined
Balsamessig,l,NotDefined,NotDefined
Balsamessig ALT,ml,NotDefined,NotDefined
Balsamessig WEIß,ml,NotDefined,NotDefined
Bananen,kg,NotDefined,NotDefined
Bananen,Stück,NotDefined,NotDefined
Bananenlikör,ml,NotDefined,NotDefined
Barbaresco,l,NotDefined,NotDefined
Bärlauch FRISCH,g,NotDefined,NotDefined
Barolo,l,NotDefined,NotDefined
Basilikum FRISCH,g,NotDefined,NotDefined
Basmati,kg,NotDefined,NotDefined
Batida de Coco,ml,NotDefined,NotDefined
Bauchspeck,kg,NotDefined,NotDefined
Bavette,kg,NotDefined,NotDefined
Beefeater,ml,NotDefined,NotDefined
Beinfleisch,kg,NotDefined,NotDefined
Bel Paese,kg,NotDefined,NotDefined
Belgischer Salat,g,NotDefined,NotDefined
Belluga,g,NotDefined,NotDefined
Belluga,g,NotDefined,NotDefined
Bergkäse,kg,NotDefined,NotDefined
Bianco,kg,NotDefined,NotDefined
Bianco di Custozza,l,NotDefined,NotDefined
Bier,l,NotDefined,NotDefined
Bier,l,NotDefined,NotDefined
Bier,l,NotDefined,NotDefined
Bier,l,NotDefined,NotDefined
Bier,l,NotDefined,NotDefined
Bier ALKOHOLFREI,l,NotDefined,NotDefined
Bier ALKOHOLFREI,l,NotDefined,NotDefined
Biobackmittel,kg,NotDefined,NotDefined
Biostart SPRINT,g,NotDefined,NotDefined
Birnen GETROCKNET,kg,NotDefined,NotDefined
Birnenkompott,kg,NotDefined,NotDefined
Bisquit,ml,NotDefined,NotDefined
Bitter Lemon,ml,NotDefined,NotDefined
Bitter Orange,ml,NotDefined,NotDefined
Bitter San Pellegrino ROT,ml,NotDefined,NotDefined
Bitter San Pellegrino WEISS,ml,NotDefined,NotDefined
Blätterteig GEFROREN,kg,NotDefined,NotDefined
Blauburgunder,l,NotDefined,NotDefined
Blaukraut,kg,NotDefined,NotDefined
Blumenkohl,kg,NotDefined,NotDefined
Blüten MIX,g,NotDefined,NotDefined
Blütenhonig,g,NotDefined,NotDefined
Blütenhonig,kg,NotDefined,NotDefined
Blutwurst,kg,NotDefined,NotDefined
Bohnen Borlotti,kg,NotDefined,NotDefined
Bohnen Borlotti GETROCKNET,kg,NotDefined,NotDefined
Bohnen Cannellini,kg,NotDefined,NotDefined
Bohnen Cannellini GETROCKNET,kg,NotDefined,NotDefined
Bohnen Corona,kg,NotDefined,NotDefined
Bohnen FRISCH,kg,NotDefined,NotDefined
Bohnen GEFROREN,kg,NotDefined,NotDefined
Bombay,ml,NotDefined,NotDefined
Brandy,ml,NotDefined,NotDefined
Brasilianer,kg,NotDefined,NotDefined
Bratwurst,kg,NotDefined,NotDefined
Braulio,ml,NotDefined,NotDefined
Brezellauge,l,NotDefined,NotDefined
Brezelsalz,kg,NotDefined,NotDefined
Brie,kg,NotDefined,NotDefined
Brikteig FRISCH,Stück,NotDefined,NotDefined
Broccoli FRISCH,kg,NotDefined,NotDefined
Broccoli GEFROREN,kg,NotDefined,NotDefined
Brombeeren FRISCH,g,NotDefined,NotDefined
Brombeeren GEFROREN,kg,NotDefined,NotDefined
Brombeeren GEFROREN,kg,NotDefined,NotDefined
Brösel,kg,NotDefined,NotDefined
Brunello di Montalcino,l,NotDefined,NotDefined
Bruschettabrot,g,NotDefined,NotDefined
Bucatini,kg,NotDefined,NotDefined
Buchweizenkorn,kg,NotDefined,NotDefined
Buchweizenmehl FEIN,g,NotDefined,NotDefined
Buchweizenmehl GROB,g,NotDefined,NotDefined
Büffelmozzarella,g,NotDefined,NotDefined
Butter,kg,NotDefined,NotDefined
Butter,g,NotDefined,NotDefined
Butter,g,NotDefined,NotDefined
Butter,Stück,NotDefined,NotDefined
Butter,Stück,NotDefined,NotDefined
Buttermilch,g,NotDefined,NotDefined
Cabernet,l,NotDefined,NotDefined
Calamar,kg,NotDefined,NotDefined
Caldiv,ml,NotDefined,NotDefined
Calvados,ml,NotDefined,NotDefined
Camembert,Stück,NotDefined,NotDefined
Camembert,kg,NotDefined,NotDefined
Campari Bitter,l,NotDefined,NotDefined
Campari Soda,ml,NotDefined,NotDefined
Capitan Morgan,ml,NotDefined,NotDefined
Carabinieros,kg,NotDefined,NotDefined
Carlos l.,ml,NotDefined,NotDefined
Carnaroli,kg,NotDefined,NotDefined
Carues Rot,ml,NotDefined,NotDefined
Carues Weiss,ml,NotDefined,NotDefined
Casarecci,kg,NotDefined,NotDefined
Cashewnüsse,g,NotDefined,NotDefined
Catalogna,kg,NotDefined,NotDefined
Cavatappi,kg,NotDefined,NotDefined
Cayennepfeffer,g,NotDefined,NotDefined
Champagneressig,ml,NotDefined,NotDefined
Champignon FRISCH,g,NotDefined,NotDefined
Champignon in Öl,g,NotDefined,NotDefined
Champignon Natur GANZ,kg,NotDefined,NotDefined
Champignon Natur GANZ,kg,NotDefined,NotDefined
Champignon Natur GESCHNITTEN,kg,NotDefined,NotDefined
Chardonnay,l,NotDefined,NotDefined
Chateau Mouton-Rothschild,l,NotDefined,NotDefined
Chateau Piada,ml,NotDefined,NotDefined
Cheerios,g,NotDefined,NotDefined
Chianti,l,NotDefined,NotDefined
Chilisauce,ml,NotDefined,NotDefined
China Martini,ml,NotDefined,NotDefined
Chinakohl,kg,NotDefined,NotDefined
Ciro´ Bianco,ml,NotDefined,NotDefined
Ciro´ Rosé,ml,NotDefined,NotDefined
Ciro´ Rosso,ml,NotDefined,NotDefined
Clementinen,kg,NotDefined,NotDefined
Coca Cola,l,NotDefined,NotDefined
Coca Cola,l,NotDefined,NotDefined
Coca Cola,l,NotDefined,NotDefined
Coca Cola,l,NotDefined,NotDefined
Cocktailkirschen GRÜN mit Stiel,g,NotDefined,NotDefined
Cocktailkirschen ROT mit Stiel,g,NotDefined,NotDefined
Cocktailtomaten,kg,NotDefined,NotDefined
Cointreau 40°,ml,NotDefined,NotDefined
Cointreau 60°,ml,NotDefined,NotDefined
Comtess St Valentin,ml,NotDefined,NotDefined
Coppa,kg,NotDefined,NotDefined
Cornflakes,g,NotDefined,NotDefined
Cotecchino,kg,NotDefined,NotDefined
Courvoisier,ml,NotDefined,NotDefined
CousCous,g,NotDefined,NotDefined
Creme de Banane,ml,NotDefined,NotDefined
Creme de Cassis,ml,NotDefined,NotDefined
Creme de Mente GRÜN,ml,NotDefined,NotDefined
Creme de Mente WEISS,ml,NotDefined,NotDefined
Creme fraiche,g,NotDefined,NotDefined
Creme fraiche,g,NotDefined,NotDefined
Creme fraiche,kg,NotDefined,NotDefined
CremeCaramel PULVER,kg,NotDefined,NotDefined
CremeCaramel ZUCKER,l,NotDefined,NotDefined
Curacao BLUE,ml,NotDefined,NotDefined
Curacao ORANGE,ml,NotDefined,NotDefined
Currypaste,g,NotDefined,NotDefined
Currypulver,g,NotDefined,NotDefined
Cynar,ml,NotDefined,NotDefined
Datteln,g,NotDefined,NotDefined
Datteln,kg,NotDefined,NotDefined
Dekorblüten MIX,g,NotDefined,NotDefined
Dessertwein ROT,ml,NotDefined,NotDefined
Dessertwein WEISS,ml,NotDefined,NotDefined
Diamalt flüssig,l,NotDefined,NotDefined
Dijonsenf,kg,NotDefined,NotDefined
Dijonsenf,g,NotDefined,NotDefined
Dill FRISCH,g,NotDefined,NotDefined
Dinkelflocken,g,NotDefined,NotDefined
Dinkelkleie,kg,NotDefined,NotDefined
Dinkelkörner,kg,NotDefined,NotDefined
Dinkelmehl,kg,NotDefined,NotDefined
Distelöl,ml,NotDefined,NotDefined
Drachenkopf (Scorfano),kg,NotDefined,NotDefined
Drambuie,ml,NotDefined,NotDefined
Dunstsauerkirschen,kg,NotDefined,NotDefined
Edamer,kg,NotDefined,NotDefined
Eichblatt,kg,NotDefined,NotDefined
Eier,Stück,NotDefined,NotDefined
Eier,g,NotDefined,NotDefined
Eier PASTEURISIERT,l,NotDefined,NotDefined
Eierlikör,ml,NotDefined,NotDefined
Eigelb PASTEURISIERT,l,NotDefined,NotDefined
Eigelb PASTEURISIERT,l,NotDefined,NotDefined
Eiklar PASTEURISIERT,l,NotDefined,NotDefined
Eis am Stiel,Stück,NotDefined,NotDefined
Eisteesirup,ml,NotDefined,NotDefined
Elstar,kg,NotDefined,NotDefined
Emmentaler,kg,NotDefined,NotDefined
Engelshaar,g,NotDefined,NotDefined
Enosi,ml,NotDefined,NotDefined
Ente FRISCH,kg,NotDefined,NotDefined
Ente GEFROREN,kg,NotDefined,NotDefined
Entenbrust FRISCH,kg,NotDefined,NotDefined
Entenbrust GEFROREN,kg,NotDefined,NotDefined
Entenbrust GERÄUCHERT,kg,NotDefined,NotDefined
Erbsen FRISCH,kg,NotDefined,NotDefined
Erbsen GEFROREN,kg,NotDefined,NotDefined
Erbsen GETROCKNET,kg,NotDefined,NotDefined
Erdbeeren FRISCH,kg,NotDefined,NotDefined
Erdbeeren GEFROREN,kg,NotDefined,NotDefined
Erdbeerlikör,g,NotDefined,NotDefined
Erdbeermarmelade,g,NotDefined,NotDefined
Erdbeermarmelade,kg,NotDefined,NotDefined
Erdbeertopping,g,NotDefined,NotDefined
Erdbeertrauben,kg,NotDefined,NotDefined
Erdnüsse,kg,NotDefined,NotDefined
Erdnüsse GESALZEN,g,NotDefined,NotDefined
Erdnussöl,l,NotDefined,NotDefined
Essiggemüse,g,NotDefined,NotDefined
Essiggurken,kg,NotDefined,NotDefined
Essiggurken,kg,NotDefined,NotDefined
Essiggurken,g,NotDefined,NotDefined
Essigzwiebel,g,NotDefined,NotDefined
Estragon FRISCH,g,NotDefined,NotDefined
Estragon GETROCKNET,g,NotDefined,NotDefined
Estragonessig,ml,NotDefined,NotDefined
Farfalle,kg,NotDefined,NotDefined
Fasan GEFROREN,kg,NotDefined,NotDefined
Fasanenenbrust GEFROREN,kg,NotDefined,NotDefined
Fave FRISCH,kg,NotDefined,NotDefined
Feigen FRISCH,kg,NotDefined,NotDefined
Feigen GETROCKNET,kg,NotDefined,NotDefined
Feigensenf,g,NotDefined,NotDefined
Fenchel,kg,NotDefined,NotDefined
Fenchel SAMEN,g,NotDefined,NotDefined
Fernet Branca,ml,NotDefined,NotDefined
Fernet Branca MENTA,ml,NotDefined,NotDefined
Ferrari extra brut,l,NotDefined,NotDefined
Feta,kg,NotDefined,NotDefined
Fettglasur,kg,NotDefined,NotDefined
Fischkarkassen,kg,NotDefined,NotDefined
Fischsalat,kg,NotDefined,NotDefined
Fischsalat GEFROREN,kg,NotDefined,NotDefined
Fleischabschnitte,kg,NotDefined,NotDefined
Fleur de sel,g,NotDefined,NotDefined
Flüssigmalz,l,NotDefined,NotDefined
Flüssigsauer,l,NotDefined,NotDefined
Flusskrebse,kg,NotDefined,NotDefined
Fondant Zucker,kg,NotDefined,NotDefined
Fontina,kg,NotDefined,NotDefined
Forelle geputzt,kg,NotDefined,NotDefined
Forelle geputzt,Stück,NotDefined,NotDefined
Forellen nicht geputzt,kg,NotDefined,NotDefined
Forellenfilet GERÄUCHERT,kg,NotDefined,NotDefined
Forellenrogen ORANGE,g,NotDefined,NotDefined
Frischmilch,l,NotDefined,NotDefined
Frisee,kg,NotDefined,NotDefined
Friteusenfett,l,NotDefined,NotDefined
Friteusenfett,l,NotDefined,NotDefined
Fritto misto,kg,NotDefined,NotDefined
Fritto misto GEFROREN,kg,NotDefined,NotDefined
Früchtetee,Stück,NotDefined,NotDefined
Früchtetee,Stück,NotDefined,NotDefined
Früchtetee,Stück,NotDefined,NotDefined
Fruchtjogurt,g,NotDefined,NotDefined
Fruchtjogurt,g,NotDefined,NotDefined
Fruchtjogurt,kg,NotDefined,NotDefined
Fruchtmark AMARENA,l,NotDefined,NotDefined
Fruchtmark ANANAS,l,NotDefined,NotDefined
Fruchtmark APFEL,l,NotDefined,NotDefined
Fruchtmark APRIKOSE,l,NotDefined,NotDefined
Fruchtmark APRIKOSE,kg,NotDefined,NotDefined
Fruchtmark CASSIS,l,NotDefined,NotDefined
Fruchtmark ERDBEER,kg,NotDefined,NotDefined
Fruchtmark ERDBEER,kg,NotDefined,NotDefined
Fruchtmark GUAVE,l,NotDefined,NotDefined
Fruchtmark HIMBEER,kg,NotDefined,NotDefined
Fruchtmark HIMBEER,kg,NotDefined,NotDefined
Fruchtmark KOKUS,l,NotDefined,NotDefined
Fruchtmark MANGO,l,NotDefined,NotDefined
Fruchtmark MARACUJA,kg,NotDefined,NotDefined
Fruchtmark PAGO,kg,NotDefined,NotDefined
Fruchtmark PASSION,l,NotDefined,NotDefined
Fruchtmark PFIRSICH,l,NotDefined,NotDefined
Fruchtsalat,kg,NotDefined,NotDefined
Fruchtsalat,kg,NotDefined,NotDefined
Frühlingsrollenteig GEFROREN,kg,NotDefined,NotDefined
Frühlingszwiebeln,kg,NotDefined,NotDefined
Fuji,kg,NotDefined,NotDefined
Fusilli,kg,NotDefined,NotDefined
Gala,kg,NotDefined,NotDefined
Galestro,l,NotDefined,NotDefined
Gamsschlegel,kg,NotDefined,NotDefined
Gans,kg,NotDefined,NotDefined
Gänseleber FRISCH,kg,NotDefined,NotDefined
Gänsestopfleber,kg,NotDefined,NotDefined
Garganelli,kg,NotDefined,NotDefined
Garnelen GANZ (Gamberi interi),kg,NotDefined,NotDefined
Garnelenschwänze (Code gamberi),kg,NotDefined,NotDefined
Garnierbraun,kg,NotDefined,NotDefined
Gartenkarotten (mit grün),kg,NotDefined,NotDefined
Gelatineblätter Pc Gold,kg,NotDefined,NotDefined
Gelierzucker,kg,NotDefined,NotDefined
Gelierzucker,g,NotDefined,NotDefined
Gentile,kg,NotDefined,NotDefined
Gerstenkorn,kg,NotDefined,NotDefined
Getreidekeimlinge,g,NotDefined,NotDefined
Gewürnelkenpulver,g,NotDefined,NotDefined
Gewürznelken GANZ,g,NotDefined,NotDefined
Gewürztraminer,l,NotDefined,NotDefined
Ginger Ale,ml,NotDefined,NotDefined
Gingerino,ml,NotDefined,NotDefined
Glasnudeln,g,NotDefined,NotDefined
Glykose,kg,NotDefined,NotDefined
Glykose,kg,NotDefined,NotDefined
Goldbrasse (Orata),kg,NotDefined,NotDefined
Golden Delicius,kg,NotDefined,NotDefined
Goldmuskateller,l,NotDefined,NotDefined
Gordon,ml,NotDefined,NotDefined
Gorgonzola,kg,NotDefined,NotDefined
Granatäpfel,kg,NotDefined,NotDefined
Grand Manier,ml,NotDefined,NotDefined
Granny Smith,kg,NotDefined,NotDefined
Grapefruit,Stück,NotDefined,NotDefined
Grapefruit ROSA,Stück,NotDefined,NotDefined
Grapefruitsaft,l,NotDefined,NotDefined
Grappa Chardonnay,ml,NotDefined,NotDefined
Grappa Pinot Noir,ml,NotDefined,NotDefined
Graukäse,kg,NotDefined,NotDefined
Grauvernatsch,ml,NotDefined,NotDefined
Gravensteiner,kg,NotDefined,NotDefined
Grissini,Stück,NotDefined,NotDefined
Gurken,kg,NotDefined,NotDefined
Haferflocken,g,NotDefined,NotDefined
Haferkorn,kg,NotDefined,NotDefined
Hagebuttentee,Stück,NotDefined,NotDefined
Hagebuttentee,Stück,NotDefined,NotDefined
Hagebuttentee,Stück,NotDefined,NotDefined
Hagelzucker,g,NotDefined,NotDefined
Halbschwarzer Weggen,kg,NotDefined,NotDefined
Halbschwarzer Weggen,Stück,NotDefined,NotDefined
Hartweizendunst,kg,NotDefined,NotDefined
Hartweizengries MITTEL,g,NotDefined,NotDefined
Hartweizenkorn,kg,NotDefined,NotDefined
Haselnüsse,kg,NotDefined,NotDefined
Haselnüsse,g,NotDefined,NotDefined
Haselnüsse,g,NotDefined,NotDefined
Haselnüsse GERÖSTET,kg,NotDefined,NotDefined
Haselnüsse GERÖSTET,g,NotDefined,NotDefined
Haselnüsse GERÖSTET,g,NotDefined,NotDefined
Haselnüsse GESCHÄLT,kg,NotDefined,NotDefined
Haselnüsse GESCHÄLT,g,NotDefined,NotDefined
Haselnüsse GESCHÄLT,g,NotDefined,NotDefined
Haselnußfülle,kg,NotDefined,NotDefined
Hauswurst,kg,NotDefined,NotDefined
Hauswurst,Stück,NotDefined,NotDefined
Havana Club 3 Anos,ml,NotDefined,NotDefined
Havana Club Anejo Reserva,ml,NotDefined,NotDefined
Hecht (Luccio perca),kg,NotDefined,NotDefined
Hechtfilet (luccio perca),kg,NotDefined,NotDefined
Hefe,g,NotDefined,NotDefined
Hefe,g,NotDefined,NotDefined
Hefeflocken,g,NotDefined,NotDefined
Heilbuttfilet,kg,NotDefined,NotDefined
Heilbuttfilet,Stück,NotDefined,NotDefined
Henkel trocken,ml,NotDefined,NotDefined
Henkel trocken,l,NotDefined,NotDefined
Hennessy,ml,NotDefined,NotDefined
Herzmuscheln (Fasolari),kg,NotDefined,NotDefined
Heuschreckenkrebse (Canocchia),Stück,NotDefined,NotDefined
Heuschreckenkrebse (Canocchia),kg,NotDefined,NotDefined
Himbeeren FRISCH,kg,NotDefined,NotDefined
Himbeeren GEFROREN,kg,NotDefined,NotDefined
Himbeeren GEFROREN,kg,NotDefined,NotDefined
Himbeeressig,ml,NotDefined,NotDefined
Himbeergeist,ml,NotDefined,NotDefined
Himbeermarmelade,kg,NotDefined,NotDefined
Himbeermarmelade,kg,NotDefined,NotDefined
Himbeermarmelade,kg,NotDefined,NotDefined
Himbeermarmelade,kg,NotDefined,NotDefined
Himbeermarmelade,g,NotDefined,NotDefined
Himbeersirup,ml,NotDefined,NotDefined
Himbeersirup,l,NotDefined,NotDefined
Himbeersirup,l,NotDefined,NotDefined
Himbeertopping,g,NotDefined,NotDefined
Hine,ml,NotDefined,NotDefined
Hirsch GANZ,Stück,NotDefined,NotDefined
Hirschfilet FRISCH,kg,NotDefined,NotDefined
Hirschkarree AUSGELÖST,kg,NotDefined,NotDefined
Hirschkarree AUSGELÖST GEFROREN,kg,NotDefined,NotDefined
Hirschkarree GANZ,kg,NotDefined,NotDefined
Hirschschinken,kg,NotDefined,NotDefined
Hirschschlegel FRISCH,kg,NotDefined,NotDefined
Hirschschlegel GEFROREN,kg,NotDefined,NotDefined
Hirschschulter AUSGELÖST FRISCH,kg,NotDefined,NotDefined
Hirschschulter AUSGELÖST GEFROREN,kg,NotDefined,NotDefined
Hirschschulter GEFROREN,kg,NotDefined,NotDefined
Hirse,g,NotDefined,NotDefined
Hirse,g,NotDefined,NotDefined
"H-Milch 0,5%",l,NotDefined,NotDefined
"H-Milch 1,8%",l,NotDefined,NotDefined
"H-Milch 3,5%",l,NotDefined,NotDefined
Holundersirup,ml,NotDefined,NotDefined
Honigmelone,kg,NotDefined,NotDefined
Honigmelone,Stück,NotDefined,NotDefined
Huhn FRISCH,kg,NotDefined,NotDefined
Hühnerbrust,kg,NotDefined,NotDefined
Hühnerflügel,kg,NotDefined,NotDefined
Hühnerleber,g,NotDefined,NotDefined
Hühnerschenkel,kg,NotDefined,NotDefined
Hummer (Astice),Stück,NotDefined,NotDefined
Hundshai (Palombo),kg,NotDefined,NotDefined
Ingwer GEMAHLEN,g,NotDefined,NotDefined
Ingwer WURZEL,kg,NotDefined,NotDefined
Isomalt,kg,NotDefined,NotDefined
Italienischer Salat GEFROREN,kg,NotDefined,NotDefined
Jakobsmuscheln FRISCH,Stück,NotDefined,NotDefined
Jakobsmuscheln FRISCH,kg,NotDefined,NotDefined
Jakobsmuscheln GANZ,Stück,NotDefined,NotDefined
Jakobsmuscheln GEFROREN,kg,NotDefined,NotDefined
Jodsalz,kg,NotDefined,NotDefined
Johannisbeeren ROT FRISCH,kg,NotDefined,NotDefined
Johannisbeeren ROT GEFROREN,kg,NotDefined,NotDefined
Johannisbeeren WEIß FRISCH,kg,NotDefined,NotDefined
Johannisbeergellee,g,NotDefined,NotDefined
Johannisbeersaft SCHWARZ,l,NotDefined,NotDefined
Jonagold,kg,NotDefined,NotDefined
Kabeljaufilet (Filetto merluzzo) GEFROREN,kg,NotDefined,NotDefined
Kabeljaufilet (Merluzzo) FRISCH,kg,NotDefined,NotDefined
Kaffee BAR,kg,NotDefined,NotDefined
Kaffee FRÜHSTÜCK,kg,NotDefined,NotDefined
Kaffee FRÜHSTÜCK,g,NotDefined,NotDefined
Kaffeepulver LÖSLICH,g,NotDefined,NotDefined
Kahlua,ml,NotDefined,NotDefined
Kaiser Alexander,kg,NotDefined,NotDefined
Kaisergranat (Scampi),kg,NotDefined,NotDefined
Kaisergranat (Scampi),Stück,NotDefined,NotDefined
Kaiserschoten FRISCH,kg,NotDefined,NotDefined
Kaiserschoten GEFROREN,kg,NotDefined,NotDefined
Kakaobutter,kg,NotDefined,NotDefined
Kakaomasse,kg,NotDefined,NotDefined
Kakaopulver GESÜßT,kg,NotDefined,NotDefined
Kakaopulver UNGESÜßT,kg,NotDefined,NotDefined
Kaki,Stück,NotDefined,NotDefined
Kalbsbauch,kg,NotDefined,NotDefined
Kalbsbries,kg,NotDefined,NotDefined
Kalbsbrust GANZ,kg,NotDefined,NotDefined
Kalbsbrust GESCHNITTEN,kg,NotDefined,NotDefined
Kalbsfilet KURZ,kg,NotDefined,NotDefined
Kalbsfilet LANG,kg,NotDefined,NotDefined
Kalbsgirello,kg,NotDefined,NotDefined
Kalbshälfte,kg,NotDefined,NotDefined
Kalbshals AUSGELÖST,kg,NotDefined,NotDefined
Kalbshals GANZ,kg,NotDefined,NotDefined
Kalbshirn,kg,NotDefined,NotDefined
Kalbskaiserteil,kg,NotDefined,NotDefined
Kalbskarree AUSGELÖST,kg,NotDefined,NotDefined
Kalbskarree GANZ,kg,NotDefined,NotDefined
Kalbsknochen,kg,NotDefined,NotDefined
Kalbskopf GANZ,Stück,NotDefined,NotDefined
Kalbskopf GEPRESST,kg,NotDefined,NotDefined
Kalbslangeseite,kg,NotDefined,NotDefined
Kalbsleber,kg,NotDefined,NotDefined
Kalbsmilz,kg,NotDefined,NotDefined
Kalbsniere MIT FETT,Stück,NotDefined,NotDefined
Kalbsniere OHNE FETT,kg,NotDefined,NotDefined
Kalbsnierenfett,Stück,NotDefined,NotDefined
Kalbsnierenstück MIT KNOCHEN,kg,NotDefined,NotDefined
Kalbsnuss,kg,NotDefined,NotDefined
Kalbsossobuchi,Stück,NotDefined,NotDefined
Kalbsschlegel GANZ,Stück,NotDefined,NotDefined
Kalbsschulter AUSGELÖST,kg,NotDefined,NotDefined
Kalbsschulter GANZ,Stück,NotDefined,NotDefined
Kalbsschulternahtl,kg,NotDefined,NotDefined
Kalbsschwänze,kg,NotDefined,NotDefined
Kalbsspitzrose (Kleine Nuss),kg,NotDefined,NotDefined
Kalbsstelze,Stück,NotDefined,NotDefined
Kalbstafelspitz,kg,NotDefined,NotDefined
Kalbswange,kg,NotDefined,NotDefined
Kalbszunge,Stück,NotDefined,NotDefined
Kalterer See Auslese,l,NotDefined,NotDefined
Kaltgelee,kg,NotDefined,NotDefined
Kamillentee,Stück,NotDefined,NotDefined
Kamillentee,Stück,NotDefined,NotDefined
Kamillentee,Stück,NotDefined,NotDefined
Kaminwurzen,Stück,NotDefined,NotDefined
Kamut (Bäckerei),g,NotDefined,NotDefined
Kandierte Früchte geschnitten,g,NotDefined,NotDefined
Kandierte Kirschen,g,NotDefined,NotDefined
Kandierte Kirschen,g,NotDefined,NotDefined
Kandiszucker,kg,NotDefined,NotDefined
Kandiszucker,g,NotDefined,NotDefined
Kaninchen FRISCH,Stück,NotDefined,NotDefined
Kaninchenkeule FRISCH,Stück,NotDefined,NotDefined
Kaninchenleber,kg,NotDefined,NotDefined
Kaninchenrücken,Stück,NotDefined,NotDefined
Kapaun,Stück,NotDefined,NotDefined
Kapern,g,NotDefined,NotDefined
Kapern mit STIEL,g,NotDefined,NotDefined
Karotten,kg,NotDefined,NotDefined
Karreeschinken,kg,NotDefined,NotDefined
Kartoffel BLAU,kg,NotDefined,NotDefined
Kartoffel DUCHESSE,kg,NotDefined,NotDefined
Kartoffel FESTKOCHEND,kg,NotDefined,NotDefined
Kartoffel KROKETTEN,kg,NotDefined,NotDefined
Kartoffel MANDELBÄLLCHEN,kg,NotDefined,NotDefined
Kartoffel MEHLIG,kg,NotDefined,NotDefined
Kartoffel NEU,kg,NotDefined,NotDefined
Kartoffel RÖSTINCHEN,kg,NotDefined,NotDefined
Kartoffelchip PAPRIKA,g,NotDefined,NotDefined
Kartoffelchips,g,NotDefined,NotDefined
Kartoffelmehl,g,NotDefined,NotDefined
Kartoffelmehl,g,NotDefined,NotDefined
Kartoffelmehl,kg,NotDefined,NotDefined
Kartoffelnocken GEFROREN,kg,NotDefined,NotDefined
käsesauce,kg,NotDefined,NotDefined
Käsesortiment,kg,NotDefined,NotDefined
Käsesortiment EINHEIMISCH,kg,NotDefined,NotDefined
Käsesortiment FRANKREICH,kg,NotDefined,NotDefined
Käsesortiment ITALIEN,kg,NotDefined,NotDefined
Kastanien,kg,NotDefined,NotDefined
Kastanien GEBRATEN GEFROREN,kg,NotDefined,NotDefined
Kastanien GESCHÄLT GEFROREN,kg,NotDefined,NotDefined
Kastaninepürree,kg,NotDefined,NotDefined
Kenjabohnen,kg,NotDefined,NotDefined
Kerbel,Stück,NotDefined,NotDefined
Kerner,l,NotDefined,NotDefined
Ketakaviar,g,NotDefined,NotDefined
Ketchup,kg,NotDefined,NotDefined
Ketchup,g,NotDefined,NotDefined
Ketchup,kg,NotDefined,NotDefined
Ketchup,Stück,NotDefined,NotDefined
Kichererbsen GETROCKNET,kg,NotDefined,NotDefined
Kirschen FRISCH,kg,NotDefined,NotDefined
Kirschen GEFROREN,kg,NotDefined,NotDefined
Kirschen GEFROREN,kg,NotDefined,NotDefined
Kirschmarmelade,kg,NotDefined,NotDefined
Kirschmarmelade,kg,NotDefined,NotDefined
Kirschmarmelade,g,NotDefined,NotDefined
Kirschmarmelade,g,NotDefined,NotDefined
Kirschwasser,ml,NotDefined,NotDefined
Kitz,Stück,NotDefined,NotDefined
Kiwi,kg,NotDefined,NotDefined
Kiwi,Stück,NotDefined,NotDefined
Knoblauch,kg,NotDefined,NotDefined
Knoblauch,Stück,NotDefined,NotDefined
Knödelbrot,kg,NotDefined,NotDefined
Knorr,kg,NotDefined,NotDefined
Knurrhahn (Gallinella),kg,NotDefined,NotDefined
Knurrhahnfilet (filetto di gallinella),kg,NotDefined,NotDefined
Kohlrabi,kg,NotDefined,NotDefined
Kohlrabi,Stück,NotDefined,NotDefined
Kokosflocken,g,NotDefined,NotDefined
Kokosnuss,Stück,NotDefined,NotDefined
Kokosnussmilch,g,NotDefined,NotDefined
Korianderkraut,Stück,NotDefined,NotDefined
Koriandersamen,g,NotDefined,NotDefined
Korinthen,g,NotDefined,NotDefined
Korinthen,kg,NotDefined,NotDefined
Krakauer,kg,NotDefined,NotDefined
Kraken (Polipo),kg,NotDefined,NotDefined
Krautrüben,kg,NotDefined,NotDefined
Kren,kg,NotDefined,NotDefined
Kren,g,NotDefined,NotDefined
Kren,g,NotDefined,NotDefined
Krenwurzel,kg,NotDefined,NotDefined
Kresse,Stück,NotDefined,NotDefined
Krevetten (Gamberetti in Lake),kg,NotDefined,NotDefined
Krockies,g,NotDefined,NotDefined
Küchenkräuter,Stück,NotDefined,NotDefined
Kümmel,g,NotDefined,NotDefined
Kümmel GANZ,g,NotDefined,NotDefined
Kümmel GANZ,g,NotDefined,NotDefined
Kümmel GANZ,g,NotDefined,NotDefined
Kümmel GEMAHLEN,g,NotDefined,NotDefined
Kümmel GEMAHLEN,g,NotDefined,NotDefined
Kumquat,kg,NotDefined,NotDefined
Kürbis,kg,NotDefined,NotDefined
Kürbiskerne,g,NotDefined,NotDefined
Kürbiskernöl,ml,NotDefined,NotDefined
Kürbiskernöl,l,NotDefined,NotDefined
Kurkuma,g,NotDefined,NotDefined
Kurkumawurzel FRISCH,Stück,NotDefined,NotDefined
"Kutteln GEKOCHT,GESCHNITTEN",kg,NotDefined,NotDefined
Kutteln ROH,kg,NotDefined,NotDefined
Kuvertüre DUNKEL,kg,NotDefined,NotDefined
Kuvertüre DUNKEL,kg,NotDefined,NotDefined
Kuvertüre DUNKEL,g,NotDefined,NotDefined
Kuvertüre VOLLMILCH,kg,NotDefined,NotDefined
Kuvertüre VOLLMILCH,g,NotDefined,NotDefined
Kuvertüre VOLLMILCH,kg,NotDefined,NotDefined
Kuvertüre WEIß,kg,NotDefined,NotDefined
Kuvertüre WEIß,kg,NotDefined,NotDefined
Kuvertüre WEIß,g,NotDefined,NotDefined
Lachs FRISCH (Salmone fresco),kg,NotDefined,NotDefined
Lachsfilet (Filetto salmone),kg,NotDefined,NotDefined
Lachsforellen ganz (Trote salmonate intere),Stück,NotDefined,NotDefined
Lachsforellen ganz (Trote salmonate intere),kg,NotDefined,NotDefined
Lachsforellenfilet (Filetto di trota salmonata),kg,NotDefined,NotDefined
Lagrein Dunkel,l,NotDefined,NotDefined
Lagrein Kretzer,l,NotDefined,NotDefined
Lagrein Rose,l,NotDefined,NotDefined
Lambrusco,l,NotDefined,NotDefined
Lamm GANZ,Stück,NotDefined,NotDefined
Lamm GANZ,kg,NotDefined,NotDefined
Lamm STELZE,Stück,NotDefined,NotDefined
Lamm STELZE,kg,NotDefined,NotDefined
Lamm ZUNGEN,kg,NotDefined,NotDefined
Lammkarree,kg,NotDefined,NotDefined
Lammschlegel FRISCH AUSGELÖST,kg,NotDefined,NotDefined
Lammschlegel FRISCH MIT KNOCHEN,kg,NotDefined,NotDefined
Lammschlegel GEFROREN,kg,NotDefined,NotDefined
Lammschulter FRISCH,kg,NotDefined,NotDefined
Lammschulter GEFROREN,kg,NotDefined,NotDefined
Langusten (aragosta),Stück,NotDefined,NotDefined
Lauch,kg,NotDefined,NotDefined
Lauch,Stück,NotDefined,NotDefined
Lauch,Stück,NotDefined,NotDefined
Lauch,kg,NotDefined,NotDefined
Laugenbrezen,kg,NotDefined,NotDefined
Laugenbrezen,Stück,NotDefined,NotDefined
Lavendel,Stück,NotDefined,NotDefined
Leberkäse,kg,NotDefined,NotDefined
Leberstreichwurst,kg,NotDefined,NotDefined
Lebkuchengewürz,g,NotDefined,NotDefined
Leinsamen,g,NotDefined,NotDefined
Limetten,kg,NotDefined,NotDefined
Limetten,Stück,NotDefined,NotDefined
Limoncello,ml,NotDefined,NotDefined
Linguine,g,NotDefined,NotDefined
Linsen GRÜN,g,NotDefined,NotDefined
Linsen SCHWARZ,g,NotDefined,NotDefined
Linticlarus Cuvée,l,NotDefined,NotDefined
Litschi,kg,NotDefined,NotDefined
Litschi,Stück,NotDefined,NotDefined
Löffelbiskuit (Savoyardi),g,NotDefined,NotDefined
Lollo rosso,kg,NotDefined,NotDefined
Lollo verde,kg,NotDefined,NotDefined
Lorbeerblätter FRISCH,Stück,NotDefined,NotDefined
Lorbeerblätter GETROCKNET,g,NotDefined,NotDefined
Löwenzahn,kg,NotDefined,NotDefined
Löwenzahnhonig,g,NotDefined,NotDefined
Löwenzahnhonig,kg,NotDefined,NotDefined
Lugana,l,NotDefined,NotDefined
Lyoner,kg,NotDefined,NotDefined
Maccheroncini,kg,NotDefined,NotDefined
Madeira,ml,NotDefined,NotDefined
Magdalener,l,NotDefined,NotDefined
Maikönig,kg,NotDefined,NotDefined
Mais,kg,NotDefined,NotDefined
Mais,kg,NotDefined,NotDefined
Maiskeimöl HOCHWERTIG,l,NotDefined,NotDefined
Maiskolben GEFROREN,kg,NotDefined,NotDefined
Maiskolben im Glas,g,NotDefined,NotDefined
Maisöl,l,NotDefined,NotDefined
Maisöl,l,NotDefined,NotDefined
Maisöl,l,NotDefined,NotDefined
Maizena,g,NotDefined,NotDefined
Maizena,kg,NotDefined,NotDefined
Majoran,g,NotDefined,NotDefined
Majoran FRISCH,Stück,NotDefined,NotDefined
Majoran GETROCKNET,g,NotDefined,NotDefined
Majoran GETROCKNET,g,NotDefined,NotDefined
Makrelen SGOMBRO,kg,NotDefined,NotDefined
Makrelenfilet in Öl,g,NotDefined,NotDefined
Malibu,ml,NotDefined,NotDefined
Malvasier,ml,NotDefined,NotDefined
Mandarinen,kg,NotDefined,NotDefined
Mandarinenlikör,ml,NotDefined,NotDefined
Mandarinepunch,ml,NotDefined,NotDefined
Mandel GERIEBEN,kg,NotDefined,NotDefined
Mandeln GANZ,kg,NotDefined,NotDefined
Mandeln GEHOBELT,kg,NotDefined,NotDefined
Mandeln GESCHÄLT,kg,NotDefined,NotDefined
Mandeln STIFTE,kg,NotDefined,NotDefined
Mango,Stück,NotDefined,NotDefined
Mangochutney,g,NotDefined,NotDefined
Maracuiasaft,l,NotDefined,NotDefined
Maracuja (Passionsfrucht),Stück,NotDefined,NotDefined
Maraschino,ml,NotDefined,NotDefined
Marienberger,kg,NotDefined,NotDefined
Mars,Stück,NotDefined,NotDefined
Marsala,ml,NotDefined,NotDefined
Martell,ml,NotDefined,NotDefined
Martini DRY,ml,NotDefined,NotDefined
Martini ROT,ml,NotDefined,NotDefined
Martini WEIß,ml,NotDefined,NotDefined
Marzipan ANGEWIRKT,kg,NotDefined,NotDefined
Marzipan ROHMASSE,g,NotDefined,NotDefined
Marzipan ROHMASSE,kg,NotDefined,NotDefined
Mascarpone,g,NotDefined,NotDefined
Mascarpone,g,NotDefined,NotDefined
Mascarpone,kg,NotDefined,NotDefined
Massa Ticino,kg,NotDefined,NotDefined
Mayonaise,kg,NotDefined,NotDefined
Mayonaise,kg,NotDefined,NotDefined
Meeräsche,kg,NotDefined,NotDefined
Meerbarbe (Triglia),kg,NotDefined,NotDefined
Meersalz FEIN,kg,NotDefined,NotDefined
Meersalz GROB,kg,NotDefined,NotDefined
Melanzane,kg,NotDefined,NotDefined
Melisse,Stück,NotDefined,NotDefined
Melonenlikör,ml,NotDefined,NotDefined
Meranerwurst,Stück,NotDefined,NotDefined
Meranerwurst,kg,NotDefined,NotDefined
Merlot,l,NotDefined,NotDefined
Merlot,l,NotDefined,NotDefined
Metaxa,ml,NotDefined,NotDefined
Miesmuschel (Cozze),kg,NotDefined,NotDefined
Milchpulver MAGER,kg,NotDefined,NotDefined
Milchpulver VOLLMILCH,kg,NotDefined,NotDefined
Mineralwasser MIT KOHLENSÄURE,l,NotDefined,NotDefined
Mineralwasser MIT KOHLENSÄURE,ml,NotDefined,NotDefined
Mineralwasser MIT KOHLENSÄURE,ml,NotDefined,NotDefined
Mineralwasser MIT KOHLENSÄURE,ml,NotDefined,NotDefined
Mineralwasser NATUR,ml,NotDefined,NotDefined
Mineralwasser NATUR,ml,NotDefined,NotDefined
Mineralwasser NATUR,ml,NotDefined,NotDefined
Mineralwasser NATUR,l,NotDefined,NotDefined
Mini Gemüse Sortiment,Stück,NotDefined,NotDefined
Minze,Stück,NotDefined,NotDefined
Mischgemüse GEFROREN,kg,NotDefined,NotDefined
Mischmus (Bäckerei),g,NotDefined,NotDefined
Mischpilze GEFROREN,kg,NotDefined,NotDefined
Mixsalat,Stück,NotDefined,NotDefined
Mixsalat,kg,NotDefined,NotDefined
Mixybar GRANATINA,l,NotDefined,NotDefined
Mixybar GRANATINA,l,NotDefined,NotDefined
Mohn,g,NotDefined,NotDefined
Mohnfülle,kg,NotDefined,NotDefined
Monte Negro,ml,NotDefined,NotDefined
Monte Negro,l,NotDefined,NotDefined
Morcheln getrocknet,g,NotDefined,NotDefined
Morellino di Scansano,l,NotDefined,NotDefined
Mortadella,kg,NotDefined,NotDefined
Mozzarella,g,NotDefined,NotDefined
Mozzarella,g,NotDefined,NotDefined
Mozzarella,kg,NotDefined,NotDefined
Mozzarella,g,NotDefined,NotDefined
Mozzarella Buffala,g,NotDefined,NotDefined
Mozzarella Buffala,g,NotDefined,NotDefined
Mozzarella Buffala,kg,NotDefined,NotDefined
Mozzarelline,g,NotDefined,NotDefined
Mozzarelline,kg,NotDefined,NotDefined
Müller Thurgau,l,NotDefined,NotDefined
Muskatnuss,g,NotDefined,NotDefined
Muskatnuss GANZ,g,NotDefined,NotDefined
Muskatnuss GERIEBEN,g,NotDefined,NotDefined
Muskatnuss GERIEBEN,g,NotDefined,NotDefined
Naturjogurt,g,NotDefined,NotDefined
Naturjogurt,g,NotDefined,NotDefined
Naturjogurt,kg,NotDefined,NotDefined
Nektarinen,kg,NotDefined,NotDefined
Noilly Prat,ml,NotDefined,NotDefined
Nosiola,l,NotDefined,NotDefined
Nougat dunkel,kg,NotDefined,NotDefined
Nougat dunkel,kg,NotDefined,NotDefined
Nougat hell,kg,NotDefined,NotDefined
Nougat hell,kg,NotDefined,NotDefined
Nudelteigblätter GELB,kg,NotDefined,NotDefined
Nudelteigblätter GELB,kg,NotDefined,NotDefined
Nudelteigblätter GRÜN,kg,NotDefined,NotDefined
Nudelteigblätter GRÜN,kg,NotDefined,NotDefined
Nusskrokant,kg,NotDefined,NotDefined
Nusskrokant,g,NotDefined,NotDefined
Nusslikör,ml,NotDefined,NotDefined
Nusspaste,kg,NotDefined,NotDefined
Nutella,g,NotDefined,NotDefined
Nutella,g,NotDefined,NotDefined
Ochsenherzen,kg,NotDefined,NotDefined
Ochsenschwanz,kg,NotDefined,NotDefined
Oliven GEFÜLLT,g,NotDefined,NotDefined
Oliven GEFÜLLT,kg,NotDefined,NotDefined
Oliven GRÜN mit Stein,g,NotDefined,NotDefined
Oliven GRÜN mit Stein,kg,NotDefined,NotDefined
Oliven GRÜN ohne Stein,g,NotDefined,NotDefined
Oliven GRÜN ohne Stein,kg,NotDefined,NotDefined
Oliven SCHWARZ mit Stein,kg,NotDefined,NotDefined
Oliven SCHWARZ mit Stein,kg,NotDefined,NotDefined
Oliven SCHWARZ mit Stein,g,NotDefined,NotDefined
Oliven SCHWARZ ohne Stein,kg,NotDefined,NotDefined
Oliven SCHWARZ ohne Stein,kg,NotDefined,NotDefined
Oliven SCHWARZ ohne Stein,g,NotDefined,NotDefined
Olivenöl,ml,NotDefined,NotDefined
Olivenöl,ml,NotDefined,NotDefined
Olivenöl,ml,NotDefined,NotDefined
Olivenöl,l,NotDefined,NotDefined
Olivenöl,l,NotDefined,NotDefined
Olivenpaste GRÜN,g,NotDefined,NotDefined
Olivenpaste SCHWARZ,g,NotDefined,NotDefined
Orangeat GESCHNITTEN,g,NotDefined,NotDefined
Orangen,kg,NotDefined,NotDefined
Orangen UNBEHANDELT,kg,NotDefined,NotDefined
Orangen-Karotten Saft,l,NotDefined,NotDefined
Orangenmarmelade,kg,NotDefined,NotDefined
Orangenmarmelade,kg,NotDefined,NotDefined
Orangensaft,l,NotDefined,NotDefined
Orangensaft,l,NotDefined,NotDefined
Orangensaft,l,NotDefined,NotDefined
Orangensirup,l,NotDefined,NotDefined
Orangensirup,l,NotDefined,NotDefined
Orecchiette,kg,NotDefined,NotDefined
Origano FRISCH,Stück,NotDefined,NotDefined
Origano GETROCKNET,g,NotDefined,NotDefined
Orvieto classico,l,NotDefined,NotDefined
Oystersauce (Austernsauce),ml,NotDefined,NotDefined
Pago ANANAS,ml,NotDefined,NotDefined
Pago APRIKOSE,ml,NotDefined,NotDefined
Pago BANANE,ml,NotDefined,NotDefined
Pago ERDBEER,ml,NotDefined,NotDefined
Pago ORANGE-KAROTTE,ml,NotDefined,NotDefined
Pago PFIRSICH,ml,NotDefined,NotDefined
Pago POMPELMO,ml,NotDefined,NotDefined
Pago TOMATE,ml,NotDefined,NotDefined
Palmenherzen,g,NotDefined,NotDefined
Pancetta ARROTOLATA,kg,NotDefined,NotDefined
Papardelle,kg,NotDefined,NotDefined
Papaya,Stück,NotDefined,NotDefined
Papaya,kg,NotDefined,NotDefined
Paprikaflocken GRÜN,kg,NotDefined,NotDefined
Paprikaflocken ROT,kg,NotDefined,NotDefined
Paprikapulver EDELSÜß,g,NotDefined,NotDefined
Parboiledreis,kg,NotDefined,NotDefined
Parboiledreis,kg,NotDefined,NotDefined
Parmesankäse,kg,NotDefined,NotDefined
Parmesankäse GERIEBEN,kg,NotDefined,NotDefined
Partybrot gemischt,kg,NotDefined,NotDefined
Passoa,ml,NotDefined,NotDefined
Pastinaken,kg,NotDefined,NotDefined
Peach Tree,ml,NotDefined,NotDefined
Peachcanei,ml,NotDefined,NotDefined
Pecorino Sardo,kg,NotDefined,NotDefined
Penne,kg,NotDefined,NotDefined
Peperonata,kg,NotDefined,NotDefined
Peperoncino gemahlen,g,NotDefined,NotDefined
Peperoni GELB,kg,NotDefined,NotDefined
Peperoni GRÜN,kg,NotDefined,NotDefined
Peperoni ROT,kg,NotDefined,NotDefined
Peperoni SAUER GESCHNITTEN,g,NotDefined,NotDefined
Perlhuhn,kg,NotDefined,NotDefined
Perlhuhnbrust,kg,NotDefined,NotDefined
Perlzwiebel FRISCH,kg,NotDefined,NotDefined
Pernod,ml,NotDefined,NotDefined
Persipanrohmasse,kg,NotDefined,NotDefined
Petersilie,kg,NotDefined,NotDefined
Petersilwurzeln,kg,NotDefined,NotDefined
Pfeffer,g,NotDefined,NotDefined
Pfeffer SCHWARZ GEMAHLEN,g,NotDefined,NotDefined
Pfeffer SCHWARZ GESCHROTET,g,NotDefined,NotDefined
Pfeffer WEIß GEMAHLEN,g,NotDefined,NotDefined
Pfefferkörner GRÜN in Lake,g,NotDefined,NotDefined
Pfefferkörner GRÜN in Lake,g,NotDefined,NotDefined
Pfefferkörner GRÜN in Lake,kg,NotDefined,NotDefined
Pfefferkörner ROSA,g,NotDefined,NotDefined
Pfefferkörner WEISS,g,NotDefined,NotDefined
Pfefferminztee,Stück,NotDefined,NotDefined
Pfefferminztee,Stück,NotDefined,NotDefined
Pfefferminztee,Stück,NotDefined,NotDefined
Pfifferlinge,kg,NotDefined,NotDefined
Pfifferlinge,kg,NotDefined,NotDefined
Pfifferlinge GEFROREN,kg,NotDefined,NotDefined
Pfirsich,kg,NotDefined,NotDefined
Pfirsichkompott,kg,NotDefined,NotDefined
Pfirsichkompott,kg,NotDefined,NotDefined
Pflaumen,kg,NotDefined,NotDefined
Pflaumen GETROCKNET (ohne Stein),g,NotDefined,NotDefined
Pflaumenkompott,kg,NotDefined,NotDefined
Pflaumenkompott,kg,NotDefined,NotDefined
Pflaumenmarmelade,kg,NotDefined,NotDefined
Pflaumenmarmelade,kg,NotDefined,NotDefined
Physalis,Stück,NotDefined,NotDefined
Pik As,kg,NotDefined,NotDefined
Piment GEMAHLEN,g,NotDefined,NotDefined
Pimm´s,ml,NotDefined,NotDefined
Pinienkerne,g,NotDefined,NotDefined
Pinienkerne,g,NotDefined,NotDefined
Pink Lady,kg,NotDefined,NotDefined
Pinot grigio,l,NotDefined,NotDefined
Pipe Rigate,kg,NotDefined,NotDefined
Pistazien GESCHÄLT,g,NotDefined,NotDefined
Pistazienpaste,kg,NotDefined,NotDefined
Pökelsalz,kg,NotDefined,NotDefined
Polentamehl GROB,kg,NotDefined,NotDefined
Polentamehl MITTEL,kg,NotDefined,NotDefined
Pommes frites,kg,NotDefined,NotDefined
Pommes frites,kg,NotDefined,NotDefined
Portwein ROT,ml,NotDefined,NotDefined
Portwein WEIß,ml,NotDefined,NotDefined
Praepositus WEIß,l,NotDefined,NotDefined
Pragerschinken,kg,NotDefined,NotDefined
Preiselbeermarmelade,kg,NotDefined,NotDefined
Preiselbeermarmelade,kg,NotDefined,NotDefined
Preiselbeermarmelade,kg,NotDefined,NotDefined
Pressack,kg,NotDefined,NotDefined
Prosecco di Valdobbiadene,ml,NotDefined,NotDefined
Provolone,kg,NotDefined,NotDefined
Prugnalikör,ml,NotDefined,NotDefined
Puddingpulver Schokolade,kg,NotDefined,NotDefined
Puddingpulver Vanille,kg,NotDefined,NotDefined
Pumpernickel,kg,NotDefined,NotDefined
Quark MAGER,g,NotDefined,NotDefined
Quark MAGER,kg,NotDefined,NotDefined
Quark MAGER,kg,NotDefined,NotDefined
Quinoa,g,NotDefined,NotDefined
Quitten,kg,NotDefined,NotDefined
Rabarbarolikör,ml,NotDefined,NotDefined
Radicchio Trevisano,kg,NotDefined,NotDefined
Radicchio Variato,kg,NotDefined,NotDefined
Radicchio Verona,kg,NotDefined,NotDefined
Radieschen,Stück,NotDefined,NotDefined
Ramato,kg,NotDefined,NotDefined
Ramazotti,ml,NotDefined,NotDefined
Ramek,g,NotDefined,NotDefined
Räucherlachs,kg,NotDefined,NotDefined
Rbs FEIN,kg,NotDefined,NotDefined
Rbs GROB,kg,NotDefined,NotDefined
Rbs MITTEL,kg,NotDefined,NotDefined
Reh GANZ,Stück,NotDefined,NotDefined
Rehrücken FRISCH,kg,NotDefined,NotDefined
Rehrücken GEFROREN,kg,NotDefined,NotDefined
Rehschlegel FRISCH,kg,NotDefined,NotDefined
Rehschlegel GEFROREN,kg,NotDefined,NotDefined
Rehschulter AUSGELÖST GEFROREN,kg,NotDefined,NotDefined
Reifezucker,kg,NotDefined,NotDefined
Reisessig,ml,NotDefined,NotDefined
Reismehl,g,NotDefined,NotDefined
Reisnudel,g,NotDefined,NotDefined
Reiswein,ml,NotDefined,NotDefined
Remi Martin,ml,NotDefined,NotDefined
Reserve del Conte,l,NotDefined,NotDefined
Rettich SCHWARZ,kg,NotDefined,NotDefined
Rettich WEIß,kg,NotDefined,NotDefined
Rhabarber,kg,NotDefined,NotDefined
Ricotta GERÄUCHERT,kg,NotDefined,NotDefined
Ricotta Romana,g,NotDefined,NotDefined
Ricotta Romana,kg,NotDefined,NotDefined
Riesling,l,NotDefined,NotDefined
Rinderhälfte,kg,NotDefined,NotDefined
Rindsbauch,kg,NotDefined,NotDefined
Rindsblut,l,NotDefined,NotDefined
Rindsfilet GANZ,kg,NotDefined,NotDefined
Rindsfilet HERZ,kg,NotDefined,NotDefined
Rindsfilet ohne Strang,kg,NotDefined,NotDefined
Rindsgeselchtes,kg,NotDefined,NotDefined
Rindsgirello,kg,NotDefined,NotDefined
Rindshals ausgelöst,kg,NotDefined,NotDefined
Rindshals mit Knochen,kg,NotDefined,NotDefined
Rindskaiserteil,kg,NotDefined,NotDefined
Rindsknochen,kg,NotDefined,NotDefined
Rindslangeseite,kg,NotDefined,NotDefined
Rindsleber,kg,NotDefined,NotDefined
Rindsmilz,kg,NotDefined,NotDefined
Rindsnuss,kg,NotDefined,NotDefined
Rindsschlegel mit Knochen,kg,NotDefined,NotDefined
Rindsschlegel ohne Knochen,kg,NotDefined,NotDefined
Rindsschnitzel,Stück,NotDefined,NotDefined
Rindsschnitzel,kg,NotDefined,NotDefined
Rindsschoße,kg,NotDefined,NotDefined
Rindsschulter AUSGELÖST,kg,NotDefined,NotDefined
Rindsschulter GANZ,kg,NotDefined,NotDefined
Rindsschulternatl,kg,NotDefined,NotDefined
Rindsspitzrose,kg,NotDefined,NotDefined
Rindsstelze GANZ,kg,NotDefined,NotDefined
Rindstafelspitz,kg,NotDefined,NotDefined
Rindsviertel,kg,NotDefined,NotDefined
Rindswade,kg,NotDefined,NotDefined
Rindswange,kg,NotDefined,NotDefined
Rindszunge GEPÖKELT GEKOCHT,kg,NotDefined,NotDefined
Rindszunge GEPÖKELT ROH,kg,NotDefined,NotDefined
Risottoreis,kg,NotDefined,NotDefined
Risottoreis,kg,NotDefined,NotDefined
Risottoreis Arborio,kg,NotDefined,NotDefined
Roastbeef,kg,NotDefined,NotDefined
Roggenkörner,kg,NotDefined,NotDefined
Roggenmehl 0,kg,NotDefined,NotDefined
Roggenmehl 0,kg,NotDefined,NotDefined
Roggenmehl 1,kg,NotDefined,NotDefined
Roggenmehl 1,kg,NotDefined,NotDefined
Roggenmehl 2,kg,NotDefined,NotDefined
Roggenmehl 2,kg,NotDefined,NotDefined
Roggenmehl 3,kg,NotDefined,NotDefined
Roggenmehl 3,kg,NotDefined,NotDefined
Rohnen,kg,NotDefined,NotDefined
Rohnen,kg,NotDefined,NotDefined
Rohnen FRISCH,kg,NotDefined,NotDefined
Rohschinken,kg,NotDefined,NotDefined
Rollgerste,g,NotDefined,NotDefined
Romanesco,kg,NotDefined,NotDefined
Romanesco,kg,NotDefined,NotDefined
Roquefort,kg,NotDefined,NotDefined
Rosa del Golfo Rosato,l,NotDefined,NotDefined
Rosenkohl,kg,NotDefined,NotDefined
Rosenkohl,kg,NotDefined,NotDefined
Rosenmuskateller,l,NotDefined,NotDefined
Rosinen,g,NotDefined,NotDefined
Rosinen,kg,NotDefined,NotDefined
Rosmarin FRISCH,kg,NotDefined,NotDefined
Rosmarin GETROCKNET,g,NotDefined,NotDefined
Rosso di Montalcino,l,NotDefined,NotDefined
Rosso Piceno,l,NotDefined,NotDefined
Röstzwiebel,g,NotDefined,NotDefined
Rotbarben (triglie),kg,NotDefined,NotDefined
Rotbarsch (scorfano),kg,NotDefined,NotDefined
Rotwein KÜCHE,l,NotDefined,NotDefined
Rotweinessig,ml,NotDefined,NotDefined
Rotweinessig,ml,NotDefined,NotDefined
Rübenkraut,kg,NotDefined,NotDefined
Rückenspeck,kg,NotDefined,NotDefined
Rucola,kg,NotDefined,NotDefined
Ruländer,l,NotDefined,NotDefined
Rum 40° KÜCHE,ml,NotDefined,NotDefined
Rum 70° KONDITOREI,l,NotDefined,NotDefined
Rumpunch,ml,NotDefined,NotDefined
Russischer Salat GEFROREN,kg,NotDefined,NotDefined
Safranfäden,g,NotDefined,NotDefined
Safranpulver,Stück,NotDefined,NotDefined
Sahne FRISCH,l,NotDefined,NotDefined
Sahne FRISCH,ml,NotDefined,NotDefined
Sahne FRISCH,ml,NotDefined,NotDefined
Sahne UHT,l,NotDefined,NotDefined
Saibling,kg,NotDefined,NotDefined
Saibling,Stück,NotDefined,NotDefined
Salami MAILAND,kg,NotDefined,NotDefined
Salami NAPOLI SCHARF,kg,NotDefined,NotDefined
Salbei FRISCH,kg,NotDefined,NotDefined
Salz,g,NotDefined,NotDefined
Salz FEIN,kg,NotDefined,NotDefined
Salz GROB,kg,NotDefined,NotDefined
Salz HAWAI ROT,g,NotDefined,NotDefined
Salz HAWAI SCHWARZ,g,NotDefined,NotDefined
Salz HIMALAYA,g,NotDefined,NotDefined
Salz MALDON,g,NotDefined,NotDefined
Salzgebäck,kg,NotDefined,NotDefined
Salzstangen,kg,NotDefined,NotDefined
Sambuca,ml,NotDefined,NotDefined
Samenöl,l,NotDefined,NotDefined
Samenöl,l,NotDefined,NotDefined
Samenöl,l,NotDefined,NotDefined
Samos Gru,l,NotDefined,NotDefined
Samos Nektar,l,NotDefined,NotDefined
San Marzano,kg,NotDefined,NotDefined
Sarde,kg,NotDefined,NotDefined
Sardellen FRISCH (Alici),kg,NotDefined,NotDefined
Sardellen im Glas,g,NotDefined,NotDefined
Sardinen (Sarde),kg,NotDefined,NotDefined
Sauerkraut,kg,NotDefined,NotDefined
Sauerkraut,kg,NotDefined,NotDefined
Sauerkraut,kg,NotDefined,NotDefined
Sauerrahm,g,NotDefined,NotDefined
Sauerteigbrot,kg,NotDefined,NotDefined
Sauternes,l,NotDefined,NotDefined
Sauvignon,l,NotDefined,NotDefined
Sauza,ml,NotDefined,NotDefined
Schalotten,g,NotDefined,NotDefined
Schaumwein,ml,NotDefined,NotDefined
Schinkenwurst,kg,NotDefined,NotDefined
Schlutzkrapfen GEFROREN,g,NotDefined,NotDefined
Schnittlauch,kg,NotDefined,NotDefined
Schnittlauch,g,NotDefined,NotDefined
Schnittlauch GEFRIERGETROCKNET,g,NotDefined,NotDefined
Schokoladehasen,Stück,NotDefined,NotDefined
Schokoladehasen,Stück,NotDefined,NotDefined
Schokoladeneier,g,NotDefined,NotDefined
Schokoladenikolaus,Stück,NotDefined,NotDefined
Schokoladetopping,ml,NotDefined,NotDefined
Schollenfilet FRISCH(Filetto platessa),kg,NotDefined,NotDefined
Schollenfilet GEFROREN,kg,NotDefined,NotDefined
Schulterschinken,kg,NotDefined,NotDefined
Schüttelbrot,kg,NotDefined,NotDefined
Schwarten,kg,NotDefined,NotDefined
Schwarzbeeren FRISCH,g,NotDefined,NotDefined
Schwarzbeeren GEFROREN,kg,NotDefined,NotDefined
Schwarzbeeren GEFROREN,kg,NotDefined,NotDefined
Schwarzbeersirup,ml,NotDefined,NotDefined
Schwarzbeersirup,ml,NotDefined,NotDefined
Schwarzer Weggen,kg,NotDefined,NotDefined
Schwarztee,Stück,NotDefined,NotDefined
Schwarztee,Stück,NotDefined,NotDefined
Schwarztee,Stück,NotDefined,NotDefined
Schwarzwurzeln,kg,NotDefined,NotDefined
Schwarzwurzeln,kg,NotDefined,NotDefined
Schwarzwurzeln,kg,NotDefined,NotDefined
Schwein SAU,kg,NotDefined,NotDefined
Schweinefett,kg,NotDefined,NotDefined
Schweinehälfte,kg,NotDefined,NotDefined
Schweinsbauch mit Rippe,kg,NotDefined,NotDefined
Schweinsbauch ohne Rippe,kg,NotDefined,NotDefined
Schweinsblut,l,NotDefined,NotDefined
Schweinsbratengewürz,g,NotDefined,NotDefined
Schweinsfilet KURZ,kg,NotDefined,NotDefined
Schweinsfilet LANG,kg,NotDefined,NotDefined
Schweinsfilone,kg,NotDefined,NotDefined
Schweinsgirello,kg,NotDefined,NotDefined
Schweinshaxe,kg,NotDefined,NotDefined
Schweinshaxe,Stück,NotDefined,NotDefined
Schweinshaxe GEPÖKELT,kg,NotDefined,NotDefined
Schweinshaxe GEPÖKELT,Stück,NotDefined,NotDefined
Schweinshaxe GESELCHT,kg,NotDefined,NotDefined
Schweinshaxe GESELCHT,Stück,NotDefined,NotDefined
Schweinskaiserteil,kg,NotDefined,NotDefined
Schweinskarree GESELCHT AUSGELÖST,kg,NotDefined,NotDefined
Schweinskarree GESELCHT MIT KNOCHEN,kg,NotDefined,NotDefined
Schweinskarree KURZ,kg,NotDefined,NotDefined
Schweinskarree LANG,kg,NotDefined,NotDefined
Schweinskarree lang mit Schwarte,kg,NotDefined,NotDefined
Schweinsknochen,kg,NotDefined,NotDefined
Schweinskotlett,kg,NotDefined,NotDefined
Schweinskotlett,Stück,NotDefined,NotDefined
Schweinskurze ohne Filet,kg,NotDefined,NotDefined
Schweinslangeseite,kg,NotDefined,NotDefined
Schweinsleber,kg,NotDefined,NotDefined
Schweinsnetz,kg,NotDefined,NotDefined
Schweinsnierenstück AUSGELÖST,kg,NotDefined,NotDefined
Schweinsnierenstück GANZ,kg,NotDefined,NotDefined
Schweinsnuss,kg,NotDefined,NotDefined
Schweinsossobuchi,kg,NotDefined,NotDefined
Schweinsossobuchi,Stück,NotDefined,NotDefined
Schweinsrippen,kg,NotDefined,NotDefined
Schweinsschlegel AUSGELÖST,kg,NotDefined,NotDefined
Schweinsschlegel GANZ,kg,NotDefined,NotDefined
Schweinsschopf AUSGELÖST,kg,NotDefined,NotDefined
Schweinsschopf GEPÖKELT,kg,NotDefined,NotDefined
Schweinsschopf mit Knochen,kg,NotDefined,NotDefined
Schweinsschulter AUSGELÖST,kg,NotDefined,NotDefined
Schweinsschulter ganz,kg,NotDefined,NotDefined
Schweinsschulter ganz mit Schwarte,kg,NotDefined,NotDefined
Schweinsschulter mit Schwarte GEPÖKELT,kg,NotDefined,NotDefined
Schweinswangen,kg,NotDefined,NotDefined
Schweinszunge,kg,NotDefined,NotDefined
Schwertfisch (Pesce spada),kg,NotDefined,NotDefined
Schwertfischfilet (Filetto di pesce spada),kg,NotDefined,NotDefined
Schwertmuscheln (Cappe lunghe),kg,NotDefined,NotDefined
Schwertmuscheln (Cappe lunghe),Stück,NotDefined,NotDefined
Sedanini,kg,NotDefined,NotDefined
Seefellchen (Lavarello),kg,NotDefined,NotDefined
Seehecht (Nasello),kg,NotDefined,NotDefined
Seesaibling (Salmerino),kg,NotDefined,NotDefined
Seeteufel (coda di rospo),kg,NotDefined,NotDefined
Seeteufelschwänze,kg,NotDefined,NotDefined
Seezunge (Sogliola),kg,NotDefined,NotDefined
Seezunge (Sogliola),Stück,NotDefined,NotDefined
Sekt,ml,NotDefined,NotDefined
Sekt,ml,NotDefined,NotDefined
Sekt ROSÈ,ml,NotDefined,NotDefined
Sellerieknolle,kg,NotDefined,NotDefined
Sellerieknolle,Stück,NotDefined,NotDefined
Selleriesalat,kg,NotDefined,NotDefined
Selleriesalat,kg,NotDefined,NotDefined
Semmel,kg,NotDefined,NotDefined
Semmel,Stück,NotDefined,NotDefined
Senf,kg,NotDefined,NotDefined
Senf,g,NotDefined,NotDefined
Senf,kg,NotDefined,NotDefined
Senf,Stück,NotDefined,NotDefined
Senf SÜß,kg,NotDefined,NotDefined
Senf SÜß,g,NotDefined,NotDefined
Senfkörner,g,NotDefined,NotDefined
Senfpulver (Englischsenf),g,NotDefined,NotDefined
Senfsprossen,g,NotDefined,NotDefined
Senfsprossen,kg,NotDefined,NotDefined
Servelade,kg,NotDefined,NotDefined
Sesam,g,NotDefined,NotDefined
Sesam SCHWARZ,g,NotDefined,NotDefined
Sesamöl,ml,NotDefined,NotDefined
Sesamöl,ml,NotDefined,NotDefined
Sevruga,g,NotDefined,NotDefined
Sherry dry fino,ml,NotDefined,NotDefined
Sherryessig,ml,NotDefined,NotDefined
Shitakepilze FRISCH,kg,NotDefined,NotDefined
Shitakepilze GETROCKNET,g,NotDefined,NotDefined
Siam Patna,kg,NotDefined,NotDefined
Snickers,Stück,NotDefined,NotDefined
Soave classico,l,NotDefined,NotDefined
Sojaflocken,kg,NotDefined,NotDefined
Sojagranulat,kg,NotDefined,NotDefined
Sojamilch,l,NotDefined,NotDefined
Sojasauce,ml,NotDefined,NotDefined
Sojasauce,ml,NotDefined,NotDefined
Sojasauce,l,NotDefined,NotDefined
Sojasauce HELL,ml,NotDefined,NotDefined
Sojasauce HELL,ml,NotDefined,NotDefined
Sojasauce HELL,l,NotDefined,NotDefined
Sojaschrot,kg,NotDefined,NotDefined
Sojasprossen,g,NotDefined,NotDefined
Sojasprossen,kg,NotDefined,NotDefined
Solaia,l,NotDefined,NotDefined
Sonnenblumenkerne,g,NotDefined,NotDefined
Sonnenblumenöl,l,NotDefined,NotDefined
Sonnenblumenöl,l,NotDefined,NotDefined
Sonnenblumenöl,l,NotDefined,NotDefined
Sonnenblumenöl,l,NotDefined,NotDefined
Sorpressa,kg,NotDefined,NotDefined
Southern Comfort,ml,NotDefined,NotDefined
Spaghetti,kg,NotDefined,NotDefined
Spaghetti,kg,NotDefined,NotDefined
Spaghetti,g,NotDefined,NotDefined
Spanferkel,kg,NotDefined,NotDefined
Spanferkel,Stück,NotDefined,NotDefined
Spanferkelbrust,kg,NotDefined,NotDefined
Spanferkelkarree,kg,NotDefined,NotDefined
Spanferkelkeule,kg,NotDefined,NotDefined
Spargel Grün FRISCH,kg,NotDefined,NotDefined
Spargel Grün GEFROREN,kg,NotDefined,NotDefined
Spargel Mini Grün,kg,NotDefined,NotDefined
Spargel weiß FRISCH,kg,NotDefined,NotDefined
Spargel Weiß GEKOCHT,kg,NotDefined,NotDefined
Spargel Weiß GEKOCHT,kg,NotDefined,NotDefined
Speck,kg,NotDefined,NotDefined
Speisenatron,kg,NotDefined,NotDefined
Spinat FRISCH,kg,NotDefined,NotDefined
Spinat passiert GEFROREN,kg,NotDefined,NotDefined
Spinatblätter GEFROREN,kg,NotDefined,NotDefined
Spinatblätter GEFROREN,kg,NotDefined,NotDefined
Sprossensortiment,kg,NotDefined,NotDefined
St. Petersfisch (San pietro),kg,NotDefined,NotDefined
Stangensellerie GEBLEICHT,kg,NotDefined,NotDefined
Stangensellerie GRÜN,kg,NotDefined,NotDefined
Staubzucker,kg,NotDefined,NotDefined
Steinbutt (Rombo),kg,NotDefined,NotDefined
Steinbutt (Rombo),Stück,NotDefined,NotDefined
Steinbuttfilet (Filetto di rombo),kg,NotDefined,NotDefined
Steinpilze FRISCH,kg,NotDefined,NotDefined
Steinpilze GEFROREN,kg,NotDefined,NotDefined
Steinpilze GEFROREN,kg,NotDefined,NotDefined
Steinpilze GETROCKNET,g,NotDefined,NotDefined
Steinpilze GETROCKNET,g,NotDefined,NotDefined
Sternanis,g,NotDefined,NotDefined
Sternanis,kg,NotDefined,NotDefined
Sternfrucht (Karambole),Stück,NotDefined,NotDefined
Stock 84,ml,NotDefined,NotDefined
Stockfisch EINGEWEICHT (Baccala),kg,NotDefined,NotDefined
Stockfisch GETROCKNET (Baccala),kg,NotDefined,NotDefined
Stollengewürz,kg,NotDefined,NotDefined
Stör (Storione),kg,NotDefined,NotDefined
Stravecchio,ml,NotDefined,NotDefined
Stubenküken,kg,NotDefined,NotDefined
Sultaninen,g,NotDefined,NotDefined
Sultaninen,kg,NotDefined,NotDefined
Suppennudeln,g,NotDefined,NotDefined
Surimi,kg,NotDefined,NotDefined
Süßkartoffel,kg,NotDefined,NotDefined
Süßwasserkrebse,Stück,NotDefined,NotDefined
Süßwasserkrebse,kg,NotDefined,NotDefined
Sylvaner,ml,NotDefined,NotDefined
Tabasco,ml,NotDefined,NotDefined
Tagliatelle,kg,NotDefined,NotDefined
Taleggio,kg,NotDefined,NotDefined
Tamarillo,kg,NotDefined,NotDefined
Tamarillo,Stück,NotDefined,NotDefined
Tamarisauce,ml,NotDefined,NotDefined
Tanqueray,ml,NotDefined,NotDefined
Tartuffo Braun,Stück,NotDefined,NotDefined
Tartuffo Weiß,Stück,NotDefined,NotDefined
Taschenkrebs (Granchi pori),kg,NotDefined,NotDefined
Taube,kg,NotDefined,NotDefined
T-Bone Steak,Stück,NotDefined,NotDefined
Tempuramehl,g,NotDefined,NotDefined
Tequila,ml,NotDefined,NotDefined
Teroldego Rotaliano,l,NotDefined,NotDefined
Teroldego Rotaliano,l,NotDefined,NotDefined
Thunfisch frisch (Tonno fresco),kg,NotDefined,NotDefined
Thunfisch in Öl,g,NotDefined,NotDefined
Thunfisch in Öl,g,NotDefined,NotDefined
Thunfisch in Öl,kg,NotDefined,NotDefined
Thymian FRISCH,Stück,NotDefined,NotDefined
Thymian GETROCKNET,g,NotDefined,NotDefined
Tia Maria,ml,NotDefined,NotDefined
Tignanello,l,NotDefined,NotDefined
Tilsiter,kg,NotDefined,NotDefined
Tintenfisch (Seppie),kg,NotDefined,NotDefined
Tintenfischtinte (nero di Seppia),g,NotDefined,NotDefined
Toastbrot,Stück,NotDefined,NotDefined
Toastbrot,kg,NotDefined,NotDefined
Toastschinken,kg,NotDefined,NotDefined
Tocai,l,NotDefined,NotDefined
TODO,kg,NotDefined,NotDefined
Tofu,kg,NotDefined,NotDefined
Tomaten GETROCKNET,kg,NotDefined,NotDefined
Tomaten Pelati,kg,NotDefined,NotDefined
Tomaten Pelati,kg,NotDefined,NotDefined
Tomaten Polpa,kg,NotDefined,NotDefined
Tomaten Polpa,kg,NotDefined,NotDefined
Tomatenmark,kg,NotDefined,NotDefined
Tomatenmark,g,NotDefined,NotDefined
Tomatenmark,g,NotDefined,NotDefined
Tonicwater,ml,NotDefined,NotDefined
Tonkabohne,kg,NotDefined,NotDefined
Topfen,g,NotDefined,NotDefined
Topfen,kg,NotDefined,NotDefined
Topfen,kg,NotDefined,NotDefined
Topinambur,kg,NotDefined,NotDefined
Tortellini GEFROREN,kg,NotDefined,NotDefined
Tramezzinobrot,g,NotDefined,NotDefined
Trauben Blau,kg,NotDefined,NotDefined
Trauben Weiß,kg,NotDefined,NotDefined
Traubenkernöl,ml,NotDefined,NotDefined
Traubenmost (Sußer),l,NotDefined,NotDefined
Traubensaft,l,NotDefined,NotDefined
Traubensaft,l,NotDefined,NotDefined
Traubensaft,l,NotDefined,NotDefined
Traubenzucker,kg,NotDefined,NotDefined
Trenette,kg,NotDefined,NotDefined
Triple Sec Curacao,ml,NotDefined,NotDefined
Trockenfrüchte,kg,NotDefined,NotDefined
Tropicalsaft,l,NotDefined,NotDefined
Tropicalsaft,l,NotDefined,NotDefined
Tropicalsaft,ml,NotDefined,NotDefined
Trüffel Schwarz FRISCH,g,NotDefined,NotDefined
Trüffel Schwarz in LAKE,g,NotDefined,NotDefined
Trüffel Weiss ?????,g,NotDefined,NotDefined
Trüffelöl,ml,NotDefined,NotDefined
Trüffelpaste,g,NotDefined,NotDefined
Truthahn,kg,NotDefined,NotDefined
Truthahnbrust,kg,NotDefined,NotDefined
Truthahnkeule,kg,NotDefined,NotDefined
Truthahnschinken,kg,NotDefined,NotDefined
Twix,Stück,NotDefined,NotDefined
Vakuumbeutel Fleisch,Stück,NotDefined,NotDefined
Vakuumbeutel Fleisch,Stück,NotDefined,NotDefined
Vakuumbeutel Fleisch,Stück,NotDefined,NotDefined
Vakuumbeutel Fleisch,Stück,NotDefined,NotDefined
Vakuumbeutel Fleisch,Stück,NotDefined,NotDefined
Vakuumbeutel Fleisch,Stück,NotDefined,NotDefined
Vakuumbeutel Speck,Stück,NotDefined,NotDefined
Vakuumbeutel Speck,Stück,NotDefined,NotDefined
Val di Cornia rosso Montepeloso,l,NotDefined,NotDefined
Vanilleeis,kg,NotDefined,NotDefined
Vanilleschote,Stück,NotDefined,NotDefined
Vanillezucker,g,NotDefined,NotDefined
Vecchia Romagna Ettichetta Bianca,ml,NotDefined,NotDefined
Vecchia Romagna Ettichetta d´oro,ml,NotDefined,NotDefined
Vecchia Romagna Ettichetta Nera,ml,NotDefined,NotDefined
Veltliner,l,NotDefined,NotDefined
Venere,kg,NotDefined,NotDefined
Venusmuschel (Vongole Veraci),kg,NotDefined,NotDefined
Venusmuscheln (Vongole),kg,NotDefined,NotDefined
Verdicchio,ml,NotDefined,NotDefined
Vernaccia di Sangiminiano,l,NotDefined,NotDefined
Vernatsch,l,NotDefined,NotDefined
Vialone nano,kg,NotDefined,NotDefined
Villamagna Rosso Piceno,l,NotDefined,NotDefined
Vin Santo,l,NotDefined,NotDefined
Vinschger Paarlen,kg,NotDefined,NotDefined
Vinschger Paarlen,Stück,NotDefined,NotDefined
Vintage Tunina,l,NotDefined,NotDefined
Vodka ABSOLUT,ml,NotDefined,NotDefined
Vodka MELONE,ml,NotDefined,NotDefined
Vodka MOSKOVSKAYA,ml,NotDefined,NotDefined
Vodka SMIRNOFF,ml,NotDefined,NotDefined
Vodka ZITRONE,ml,NotDefined,NotDefined
Vogelesalat,kg,NotDefined,NotDefined
Vollkornreis,kg,NotDefined,NotDefined
Wacholderbeeren,g,NotDefined,NotDefined
Wachteleier,Stück,NotDefined,NotDefined
Wachteln FRISCH,Stück,NotDefined,NotDefined
Wachteln FRISCH,Stück,NotDefined,NotDefined
Wachteln GEFROREN,Stück,NotDefined,NotDefined
Walderdbeeren FRISCH,g,NotDefined,NotDefined
Walderdbeeren GEFROREN,kg,NotDefined,NotDefined
Waldfrüchte GEFROREN,kg,NotDefined,NotDefined
Waldfrüchte GEFROREN,kg,NotDefined,NotDefined
Waldhonig,g,NotDefined,NotDefined
Waldhonig,kg,NotDefined,NotDefined
Waller,kg,NotDefined,NotDefined
Walnüsse geschält,kg,NotDefined,NotDefined
Walnüsse mit Schale,kg,NotDefined,NotDefined
Walnussöl,ml,NotDefined,NotDefined
Wan Tan Teig,kg,NotDefined,NotDefined
Wasabipaste,g,NotDefined,NotDefined
Wassermelonen,kg,NotDefined,NotDefined
Wassermelonen,Stück,NotDefined,NotDefined
Weggenbrot Weiß,kg,NotDefined,NotDefined
Weißburgunder,l,NotDefined,NotDefined
Weißfisch (Acquadella),kg,NotDefined,NotDefined
Weißkohl ALT,kg,NotDefined,NotDefined
Weißkohl NEU,kg,NotDefined,NotDefined
Weißspeck,kg,NotDefined,NotDefined
Weißwein KÜCHE,l,NotDefined,NotDefined
Weißweinessig,ml,NotDefined,NotDefined
Weißweinessig,ml,NotDefined,NotDefined
Weißweinessig,l,NotDefined,NotDefined
Weizen,kg,NotDefined,NotDefined
Weizenkeime,kg,NotDefined,NotDefined
Weizenkeimöl,ml,NotDefined,NotDefined
Weizenkleie,kg,NotDefined,NotDefined
Weizenmehl 0 ROT,kg,NotDefined,NotDefined
Weizenmehl 0 ROT,kg,NotDefined,NotDefined
Weizenmehl 00 BLAU,kg,NotDefined,NotDefined
Weizenmehl 00 BLAU,kg,NotDefined,NotDefined
Weizenmehl 00 BLAU,kg,NotDefined,NotDefined
Weizenstärke,g,NotDefined,NotDefined
Weizenvollkornmehl,kg,NotDefined,NotDefined
Wels (WALLER),kg,NotDefined,NotDefined
Whisky BALLANTINES,ml,NotDefined,NotDefined
Whisky BLACK & WHITE,ml,NotDefined,NotDefined
Whisky CANADIAN CLUB,ml,NotDefined,NotDefined
Whisky CHIVAS REGAL,ml,NotDefined,NotDefined
Whisky FOUR ROSES,ml,NotDefined,NotDefined
Whisky FUNDADOR,ml,NotDefined,NotDefined
Whisky GLEN FIDDICH,ml,NotDefined,NotDefined
Whisky GLEN GRANT,ml,NotDefined,NotDefined
Whisky J&B,ml,NotDefined,NotDefined
Whisky JOHN JAMESON,ml,NotDefined,NotDefined
Whisky JONNY WALKER,ml,NotDefined,NotDefined
Whisky TALISKER,ml,NotDefined,NotDefined
Whisky TULLAMORE DEW,ml,NotDefined,NotDefined
Whisky VAT 69,ml,NotDefined,NotDefined
Whisky W. LAWSONS,ml,NotDefined,NotDefined
Wildhasenrücken,kg,NotDefined,NotDefined
Wildlachs,kg,NotDefined,NotDefined
Wildreis,g,NotDefined,NotDefined
Wildreis,kg,NotDefined,NotDefined
Wildschweinschlegel,kg,NotDefined,NotDefined
Williams,kg,NotDefined,NotDefined
Williamsschnaps,ml,NotDefined,NotDefined
Wirsing,kg,NotDefined,NotDefined
Wolfsbarsch (Branzino),kg,NotDefined,NotDefined
Wolfsbarsch (Branzino),Stück,NotDefined,NotDefined
Wolfsbarschfilet,kg,NotDefined,NotDefined
Worchestershiresauce,ml,NotDefined,NotDefined
Würfelzucker,kg,NotDefined,NotDefined
Wurstfleisch,kg,NotDefined,NotDefined
Wurstspeck FRISCH,kg,NotDefined,NotDefined
Würzblütenmix,g,NotDefined,NotDefined
Zahnbrasse (Dentice),kg,NotDefined,NotDefined
Zahnbrasse (Dentice),Stück,NotDefined,NotDefined
Zampone,kg,NotDefined,NotDefined
Zander (Luccioperca),kg,NotDefined,NotDefined
Zanderfilet (Filetto di luccioperca),kg,NotDefined,NotDefined
Ziegenfrischkäse,Stück,NotDefined,NotDefined
Ziegenfrischkäse,Stück,NotDefined,NotDefined
Ziegenfrischkäse,g,NotDefined,NotDefined
Ziegenmilch,ml,NotDefined,NotDefined
Ziehteig (TK),kg,NotDefined,NotDefined
Zierkürbis,Stück,NotDefined,NotDefined
Zierpetersilie,kg,NotDefined,NotDefined
Zigeunerkraut (Brotklee),g,NotDefined,NotDefined
Zimt GEMAHLEN,g,NotDefined,NotDefined
Zimtstangen,g,NotDefined,NotDefined
Zitronat GESCHNITTEN,g,NotDefined,NotDefined
Zitronen,kg,NotDefined,NotDefined
Zitronen,Stück,NotDefined,NotDefined
Zitronen UNBEHANDELT,kg,NotDefined,NotDefined
Zitronen UNBEHANDELT,Stück,NotDefined,NotDefined
Zitronengras,g,NotDefined,NotDefined
Zitronenlikör,ml,NotDefined,NotDefined
Zitronenmelisse,Stück,NotDefined,NotDefined
Zitronensaft,l,NotDefined,NotDefined
Zucchini,kg,NotDefined,NotDefined
Zucchini GELB,kg,NotDefined,NotDefined
Zucchiniblüten,Stück,NotDefined,NotDefined
Zucker,g,NotDefined,NotDefined
Zucker,kg,NotDefined,NotDefined
Zucker,kg,NotDefined,NotDefined
Zucker,kg,NotDefined,NotDefined
Zucker BRAUN,kg,NotDefined,NotDefined
Zwetschgen,kg,NotDefined,NotDefined
Zwiebel BRAUN,kg,NotDefined,NotDefined
Zwiebel ROT,kg,NotDefined,NotDefined
Zwiebel WEIß,kg,NotDefined,NotDefined

